Unique_ID,label
1450,Content-relevant
2579,Content-relevant
3166,Content-irrelevant
2584,Content-relevant
2180,Content-relevant
63,Content-relevant
637,Content-relevant
1343,Content-relevant
2008,Content-relevant
3908,Content-irrelevant
581,Content-relevant
3800,Content-relevant
1712,Content-irrelevant
3258,Content-irrelevant
1003,Content-irrelevant
1175,Content-irrelevant
1090,Content-relevant
653,Content-relevant
20,Content-relevant
402,Content-irrelevant
2450,Content-relevant
686,Content-irrelevant
304,Content-relevant
1262,Content-relevant
1711,Content-irrelevant
1582,Content-relevant
2443,Content-relevant
1107,Content-relevant
1721,Content-relevant
477,Content-relevant
2403,Content-irrelevant
3705,Content-relevant
155,Content-relevant
3313,Content-relevant
1432,Content-relevant
2391,Content-relevant
746,Content-relevant
2152,Content-relevant
585,Content-relevant
2553,Content-relevant
1996,Content-irrelevant
35,Content-relevant
811,Content-irrelevant
1850,Content-relevant
765,Content-relevant
3143,Content-relevant
37,Content-irrelevant
1276,Content-relevant
2351,Content-irrelevant
513,Content-relevant
2387,Content-relevant
2514,Content-relevant
1189,Content-relevant
3892,Content-relevant
4025,Content-relevant
1171,Content-relevant
3615,Content-relevant
3518,Content-relevant
698,Content-irrelevant
2915,Content-irrelevant
68,Content-relevant
3964,Content-relevant
964,Content-relevant
1505,Content-irrelevant
3219,Content-relevant
3600,Content-relevant
1617,Content-relevant
3467,Content-relevant
3402,Content-relevant
591,Content-relevant
3956,Content-relevant
215,Content-irrelevant
3770,Content-irrelevant
1719,Content-relevant
2663,Content-irrelevant
3252,Content-relevant
3335,Content-relevant
160,Content-relevant
2073,Content-relevant
730,Content-irrelevant
195,Content-relevant
1094,Content-relevant
1944,Content-irrelevant
1460,Content-irrelevant
2758,Content-relevant
678,Content-relevant
3649,Content-relevant
336,Content-relevant
3635,Content-relevant
2557,Content-relevant
3396,Content-irrelevant
2816,Content-relevant
3046,Content-relevant
2888,Content-relevant
2229,Content-relevant
2811,Content-relevant
289,Content-relevant
3249,Content-relevant
8,Content-relevant
3640,Content-irrelevant
589,Content-relevant
2980,Content-relevant
3923,Content-relevant
3629,Content-relevant
1131,Content-relevant
1491,Content-relevant
283,Content-relevant
744,Content-relevant
3002,Content-relevant
3448,Content-relevant
3933,Content-relevant
1513,Content-relevant
2921,Content-relevant
802,Content-relevant
2628,Content-irrelevant
2840,Content-relevant
1972,Content-relevant
1250,Content-irrelevant
2468,Content-relevant
2808,Content-relevant
340,Content-irrelevant
2910,Content-relevant
3555,Content-relevant
751,Content-relevant
3387,Content-relevant
325,Content-relevant
2410,Content-relevant
1781,Content-relevant
3223,Content-relevant
255,Content-relevant
3633,Content-relevant
3986,Content-relevant
2209,Content-relevant
2776,Content-relevant
650,Content-relevant
3972,Content-relevant
1502,Content-irrelevant
1739,Content-irrelevant
1062,Content-irrelevant
161,Content-relevant
2946,Content-irrelevant
666,Content-relevant
440,Content-relevant
2183,Content-irrelevant
1231,Content-relevant
3259,Content-relevant
2777,Content-irrelevant
95,Content-relevant
2718,Content-relevant
2358,Content-irrelevant
1215,Content-relevant
3204,Content-irrelevant
747,Content-relevant
3297,Content-relevant
1268,Content-relevant
1108,Content-relevant
2420,Content-irrelevant
1049,Content-irrelevant
2774,Content-relevant
2313,Content-relevant
2665,Content-relevant
2660,Content-relevant
2879,Content-irrelevant
1698,Content-irrelevant
1303,Content-relevant
2806,Content-irrelevant
2017,Content-relevant
578,Content-relevant
1814,Content-relevant
2805,Content-relevant
2472,Content-relevant
2792,Content-irrelevant
478,Content-relevant
2733,Content-relevant
3097,Content-relevant
3655,Content-relevant
264,Content-irrelevant
3142,Content-relevant
1165,Content-relevant
1064,Content-relevant
2531,Content-irrelevant
638,Content-relevant
175,Content-relevant
1042,Content-relevant
3506,Content-irrelevant
2949,Content-relevant
1894,Content-irrelevant
3269,Content-relevant
3432,Content-relevant
1656,Content-irrelevant
1306,Content-relevant
1219,Content-relevant
544,Content-relevant
770,Content-irrelevant
1856,Content-relevant
1110,Content-relevant
2379,Content-relevant
888,Content-relevant
3928,Content-relevant
471,Content-relevant
1155,Content-irrelevant
860,Content-relevant
1507,Content-relevant
3106,Content-relevant
594,Content-relevant
2683,Content-relevant
2648,Content-relevant
835,Content-relevant
3824,Content-relevant
119,Content-irrelevant
2905,Content-relevant
2187,Content-irrelevant
2651,Content-irrelevant
590,Content-relevant
129,Content-relevant
2700,Content-relevant
843,Content-relevant
1714,Content-relevant
2568,Content-irrelevant
2551,Content-irrelevant
374,Content-irrelevant
936,Content-relevant
3737,Content-relevant
3420,Content-relevant
2089,Content-relevant
3496,Content-relevant
1378,Content-relevant
2063,Content-irrelevant
3208,Content-irrelevant
2231,Content-relevant
456,Content-irrelevant
1371,Content-irrelevant
1728,Content-relevant
2244,Content-relevant
78,Content-irrelevant
938,Content-relevant
202,Content-relevant
1758,Content-irrelevant
3021,Content-irrelevant
1939,Content-relevant
1220,Content-relevant
415,Content-relevant
1647,Content-relevant
1473,Content-relevant
2554,Content-irrelevant
1811,Content-irrelevant
3809,Content-relevant
3935,Content-relevant
1318,Content-relevant
479,Content-relevant
3429,Content-relevant
356,Content-irrelevant
169,Content-relevant
1765,Content-relevant
1510,Content-relevant
3336,Content-relevant
1915,Content-irrelevant
2022,Content-relevant
1218,Content-relevant
1982,Content-relevant
3055,Content-relevant
2924,Content-relevant
645,Content-relevant
493,Content-relevant
1829,Content-relevant
954,Content-relevant
1332,Content-relevant
3612,Content-relevant
3206,Content-relevant
2482,Content-irrelevant
3510,Content-irrelevant
3076,Content-relevant
3900,Content-relevant
16,Content-irrelevant
3078,Content-relevant
1492,Content-irrelevant
518,Content-irrelevant
2583,Content-relevant
1385,Content-relevant
1870,Content-relevant
1933,Content-relevant
1926,Content-relevant
3262,Content-relevant
2858,Content-relevant
3522,Content-relevant
2121,Content-relevant
2741,Content-relevant
2734,Content-relevant
366,Content-relevant
2200,Content-relevant
3918,Content-irrelevant
2296,Content-relevant
2257,Content-relevant
3657,Content-relevant
783,Content-relevant
1888,Content-relevant
427,Content-irrelevant
1844,Content-relevant
273,Content-relevant
2082,Content-relevant
2574,Content-irrelevant
2055,Content-relevant
404,Content-relevant
2261,Content-irrelevant
3176,Content-relevant
1799,Content-irrelevant
1028,Content-relevant
1578,Content-irrelevant
2919,Content-relevant
2889,Content-relevant
203,Content-relevant
4065,Content-relevant
1763,Content-relevant
2856,Content-irrelevant
1952,Content-relevant
271,Content-relevant
706,Content-relevant
1620,Content-irrelevant
848,Content-irrelevant
2984,Content-relevant
3911,Content-relevant
2958,Content-irrelevant
3665,Content-irrelevant
3358,Content-relevant
1652,Content-irrelevant
3414,Content-irrelevant
2064,Content-relevant
3255,Content-irrelevant
3876,Content-relevant
3998,Content-irrelevant
3590,Content-relevant
2028,Content-relevant
1105,Content-irrelevant
3611,Content-irrelevant
3913,Content-irrelevant
1358,Content-irrelevant
230,Content-relevant
1036,Content-relevant
251,Content-relevant
2260,Content-relevant
934,Content-irrelevant
1071,Content-relevant
2134,Content-irrelevant
329,Content-relevant
778,Content-irrelevant
1791,Content-relevant
2727,Content-relevant
3478,Content-irrelevant
1685,Content-irrelevant
3855,Content-irrelevant
3557,Content-relevant
2942,Content-irrelevant
401,Content-irrelevant
1018,Content-relevant
28,Content-relevant
2042,Content-irrelevant
3342,Content-irrelevant
756,Content-irrelevant
345,Content-irrelevant
1585,Content-relevant
1745,Content-irrelevant
549,Content-irrelevant
3907,Content-irrelevant
2434,Content-irrelevant
3008,Content-irrelevant
673,Content-relevant
3390,Content-relevant
1908,Content-relevant
3632,Content-relevant
1542,Content-relevant
3216,Content-relevant
1977,Content-relevant
3949,Content-relevant
300,Content-relevant
2823,Content-relevant
1458,Content-relevant
123,Content-relevant
3681,Content-irrelevant
2927,Content-irrelevant
1911,Content-relevant
1483,Content-relevant
3489,Content-relevant
1549,Content-relevant
185,Content-relevant
3984,Content-relevant
3237,Content-relevant
701,Content-relevant
736,Content-relevant
2649,Content-relevant
2368,Content-relevant
2415,Content-relevant
3914,Content-relevant
2842,Content-relevant
2783,Content-irrelevant
4070,Content-relevant
2629,Content-relevant
3974,Content-irrelevant
1958,Content-relevant
1274,Content-irrelevant
1561,Content-irrelevant
695,Content-relevant
2826,Content-relevant
4061,Content-relevant
3379,Content-relevant
3126,Content-relevant
836,Content-relevant
2670,Content-relevant
2870,Content-irrelevant
1930,Content-relevant
3211,Content-relevant
3052,Content-relevant
540,Content-relevant
697,Content-relevant
2012,Content-irrelevant
3177,Content-relevant
668,Content-irrelevant
2138,Content-relevant
945,Content-irrelevant
898,Content-relevant
419,Content-relevant
3368,Content-irrelevant
3832,Content-relevant
2079,Content-irrelevant
1842,Content-irrelevant
2355,Content-relevant
3868,Content-relevant
372,Content-relevant
2938,Content-relevant
1534,Content-irrelevant
1145,Content-relevant
2095,Content-relevant
1525,Content-relevant
1520,Content-relevant
2132,Content-relevant
2357,Content-relevant
3970,Content-relevant
2613,Content-irrelevant
1115,Content-relevant
2212,Content-relevant
2216,Content-irrelevant
1645,Content-relevant
2471,Content-relevant
198,Content-relevant
1101,Content-relevant
3796,Content-relevant
1746,Content-relevant
2836,Content-relevant
162,Content-relevant
4001,Content-relevant
658,Content-relevant
1837,Content-relevant
2781,Content-relevant
3465,Content-relevant
496,Content-relevant
663,Content-irrelevant
3261,Content-relevant
4045,Content-irrelevant
1936,Content-relevant
2411,Content-relevant
2508,Content-relevant
3688,Content-relevant
495,Content-relevant
1786,Content-relevant
2960,Content-relevant
2148,Content-relevant
3990,Content-irrelevant
2308,Content-relevant
2381,Content-relevant
501,Content-relevant
4034,Content-irrelevant
3471,Content-relevant
1678,Content-relevant
258,Content-relevant
2848,Content-irrelevant
2511,Content-relevant
3061,Content-relevant
1352,Content-relevant
2887,Content-relevant
2750,Content-relevant
3057,Content-relevant
1424,Content-relevant
2572,Content-relevant
1438,Content-relevant
1299,Content-relevant
2595,Content-relevant
720,Content-relevant
3966,Content-irrelevant
1596,Content-relevant
80,Content-relevant
207,Content-irrelevant
1626,Content-relevant
1636,Content-relevant
3816,Content-relevant
1616,Content-relevant
3248,Content-irrelevant
1139,Content-relevant
674,Content-relevant
1408,Content-irrelevant
732,Content-relevant
2065,Content-irrelevant
3828,Content-relevant
1723,Content-relevant
3575,Content-relevant
1691,Content-relevant
3976,Content-relevant
2540,Content-relevant
3454,Content-relevant
659,Content-irrelevant
1317,Content-relevant
1794,Content-relevant
3443,Content-relevant
727,Content-irrelevant
2939,Content-relevant
723,Content-relevant
1392,Content-relevant
2916,Content-relevant
3568,Content-relevant
2621,Content-relevant
4049,Content-relevant
1609,Content-relevant
775,Content-relevant
2206,Content-relevant
3018,Content-relevant
2917,Content-relevant
3503,Content-relevant
1129,Content-relevant
1640,Content-irrelevant
1695,Content-relevant
1966,Content-relevant
2869,Content-relevant
2529,Content-relevant
3134,Content-relevant
892,Content-irrelevant
651,Content-irrelevant
3282,Content-irrelevant
1345,Content-irrelevant
1233,Content-relevant
1533,Content-relevant
2483,Content-relevant
2606,Content-relevant
2928,Content-relevant
3012,Content-irrelevant
2839,Content-irrelevant
877,Content-relevant
3799,Content-relevant
3275,Content-relevant
3095,Content-irrelevant
3715,Content-irrelevant
1032,Content-irrelevant
1688,Content-irrelevant
3530,Content-irrelevant
3502,Content-relevant
6,Content-relevant
73,Content-relevant
1858,Content-relevant
2899,Content-irrelevant
3694,Content-irrelevant
1788,Content-relevant
3963,Content-relevant
1087,Content-relevant
687,Content-irrelevant
334,Content-relevant
3497,Content-irrelevant
3254,Content-irrelevant
60,Content-irrelevant
920,Content-relevant
1654,Content-irrelevant
2861,Content-relevant
293,Content-relevant
2113,Content-relevant
3562,Content-relevant
1461,Content-relevant
1088,Content-relevant
1615,Content-relevant
3924,Content-irrelevant
1668,Content-relevant
2047,Content-irrelevant
2364,Content-relevant
1680,Content-irrelevant
4008,Content-irrelevant
3300,Content-relevant
3098,Content-relevant
1051,Content-relevant
3085,Content-relevant
295,Content-relevant
464,Content-irrelevant
2123,Content-irrelevant
2103,Content-relevant
1848,Content-relevant
791,Content-irrelevant
951,Content-relevant
3346,Content-relevant
716,Content-relevant
3056,Content-relevant
100,Content-relevant
2293,Content-relevant
1169,Content-relevant
158,Content-relevant
2895,Content-relevant
3897,Content-relevant
502,Content-relevant
170,Content-relevant
2058,Content-relevant
2072,Content-relevant
1237,Content-relevant
1481,Content-relevant
2896,Content-relevant
2968,Content-relevant
1929,Content-irrelevant
1734,Content-relevant
3707,Content-relevant
1404,Content-relevant
2361,Content-irrelevant
2972,Content-relevant
1418,Content-relevant
2224,Content-relevant
3929,Content-irrelevant
1019,Content-irrelevant
715,Content-relevant
147,Content-relevant
1433,Content-irrelevant
2098,Content-relevant
3787,Content-relevant
3648,Content-relevant
3666,Content-relevant
3919,Content-irrelevant
3364,Content-relevant
4052,Content-relevant
3592,Content-irrelevant
1052,Content-relevant
2378,Content-irrelevant
1748,Content-irrelevant
545,Content-relevant
3326,Content-relevant
1866,Content-irrelevant
1066,Content-relevant
3347,Content-relevant
1775,Content-relevant
3043,Content-irrelevant
1103,Content-relevant
3001,Content-relevant
760,Content-relevant
3139,Content-relevant
847,Content-relevant
2344,Content-relevant
1935,Content-irrelevant
542,Content-relevant
381,Content-relevant
3977,Content-relevant
3009,Content-relevant
3912,Content-relevant
3373,Content-relevant
1664,Content-relevant
3474,Content-irrelevant
3875,Content-relevant
3278,Content-irrelevant
2771,Content-relevant
725,Content-relevant
1579,Content-irrelevant
3789,Content-relevant
1631,Content-relevant
3548,Content-irrelevant
341,Content-relevant
2255,Content-relevant
3191,Content-relevant
1451,Content-relevant
2535,Content-relevant
414,Content-relevant
253,Content-relevant
2964,Content-irrelevant
1700,Content-relevant
3927,Content-relevant
3837,Content-relevant
3217,Content-relevant
1416,Content-relevant
178,Content-irrelevant
2534,Content-relevant
3618,Content-relevant
790,Content-relevant
2,Content-relevant
3140,Content-relevant
1067,Content-relevant
1370,Content-relevant
1195,Content-relevant
793,Content-relevant
1283,Content-relevant
2581,Content-relevant
150,Content-relevant
1296,Content-relevant
2699,Content-irrelevant
844,Content-relevant
3119,Content-relevant
2376,Content-relevant
2731,Content-irrelevant
714,Content-relevant
3505,Content-irrelevant
2326,Content-irrelevant
3859,Content-relevant
4035,Content-relevant
2080,Content-irrelevant
2975,Content-relevant
2619,Content-relevant
534,Content-relevant
125,Content-irrelevant
65,Content-relevant
1244,Content-relevant
690,Content-relevant
3753,Content-relevant
649,Content-relevant
3028,Content-relevant
483,Content-relevant
248,Content-relevant
4066,Content-relevant
1266,Content-relevant
3783,Content-relevant
1804,Content-relevant
600,Content-irrelevant
4055,Content-relevant
2360,Content-relevant
417,Content-irrelevant
485,Content-relevant
1925,Content-relevant
2638,Content-irrelevant
1448,Content-irrelevant
786,Content-relevant
1576,Content-relevant
1075,Content-irrelevant
2062,Content-relevant
1477,Content-relevant
3704,Content-relevant
1751,Content-relevant
3440,Content-relevant
864,Content-relevant
2285,Content-irrelevant
382,Content-irrelevant
1555,Content-relevant
1160,Content-relevant
769,Content-relevant
2780,Content-relevant
798,Content-relevant
2580,Content-relevant
592,Content-relevant
3198,Content-relevant
450,Content-relevant
3675,Content-relevant
3614,Content-relevant
3619,Content-irrelevant
1232,Content-irrelevant
872,Content-irrelevant
442,Content-irrelevant
1379,Content-irrelevant
3412,Content-relevant
3296,Content-relevant
2564,Content-relevant
2902,Content-relevant
1484,Content-irrelevant
299,Content-relevant
3517,Content-relevant
2747,Content-relevant
797,Content-relevant
1692,Content-relevant
2770,Content-relevant
1100,Content-relevant
1300,Content-irrelevant
314,Content-relevant
2666,Content-relevant
2830,Content-relevant
2993,Content-irrelevant
853,Content-relevant
1033,Content-relevant
3959,Content-relevant
1580,Content-relevant
4063,Content-relevant
12,Content-relevant
703,Content-irrelevant
1196,Content-relevant
1878,Content-relevant
50,Content-relevant
1812,Content-irrelevant
837,Content-relevant
1013,Content-irrelevant
2026,Content-relevant
621,Content-relevant
2052,Content-relevant
2723,Content-relevant
997,Content-relevant
893,Content-relevant
1172,Content-relevant
2854,Content-relevant
2911,Content-relevant
822,Content-irrelevant
899,Content-relevant
2118,Content-relevant
842,Content-relevant
1621,Content-irrelevant
943,Content-irrelevant
4018,Content-relevant
3836,Content-relevant
2742,Content-relevant
749,Content-relevant
352,Content-relevant
1901,Content-relevant
2013,Content-relevant
2006,Content-relevant
308,Content-relevant
639,Content-irrelevant
4031,Content-irrelevant
684,Content-relevant
571,Content-relevant
88,Content-relevant
1061,Content-relevant
454,Content-relevant
3968,Content-relevant
441,Content-relevant
2109,Content-relevant
2386,Content-relevant
1693,Content-relevant
102,Content-relevant
3066,Content-relevant
796,Content-relevant
2168,Content-relevant
1508,Content-irrelevant
2582,Content-relevant
2321,Content-relevant
3089,Content-relevant
547,Content-relevant
2654,Content-relevant
2348,Content-relevant
220,Content-relevant
2396,Content-relevant
2066,Content-relevant
1118,Content-irrelevant
1998,Content-relevant
1434,Content-relevant
792,Content-relevant
2211,Content-relevant
2393,Content-relevant
506,Content-relevant
2100,Content-irrelevant
3865,Content-relevant
51,Content-relevant
1886,Content-relevant
3806,Content-irrelevant
3019,Content-relevant
827,Content-relevant
1431,Content-relevant
428,Content-relevant
1869,Content-irrelevant
2262,Content-relevant
3388,Content-irrelevant
89,Content-irrelevant
2164,Content-relevant
3200,Content-relevant
4011,Content-relevant
2130,Content-relevant
1135,Content-relevant
279,Content-irrelevant
3035,Content-relevant
2155,Content-relevant
595,Content-relevant
3685,Content-relevant
2265,Content-relevant
148,Content-relevant
2286,Content-relevant
2247,Content-relevant
633,Content-irrelevant
1323,Content-relevant
2671,Content-irrelevant
3656,Content-relevant
3987,Content-relevant
1896,Content-relevant
3455,Content-irrelevant
3726,Content-relevant
24,Content-relevant
1453,Content-relevant
762,Content-relevant
3222,Content-relevant
1830,Content-irrelevant
1976,Content-relevant
2016,Content-relevant
2954,Content-relevant
191,Content-relevant
2462,Content-relevant
2240,Content-relevant
1813,Content-relevant
2090,Content-irrelevant
1511,Content-irrelevant
994,Content-relevant
3603,Content-relevant
3765,Content-relevant
2610,Content-relevant
1000,Content-relevant
1859,Content-relevant
1919,Content-relevant
1295,Content-relevant
2667,Content-relevant
2236,Content-relevant
2048,Content-relevant
1143,Content-irrelevant
1478,Content-relevant
3582,Content-irrelevant
2605,Content-irrelevant
168,Content-relevant
2322,Content-relevant
2637,Content-relevant
3245,Content-relevant
1733,Content-relevant
3690,Content-relevant
2596,Content-relevant
2279,Content-relevant
227,Content-relevant
3232,Content-relevant
3210,Content-relevant
1897,Content-relevant
3227,Content-irrelevant
245,Content-relevant
3978,Content-relevant
445,Content-relevant
3160,Content-relevant
2371,Content-relevant
452,Content-irrelevant
1517,Content-relevant
3551,Content-irrelevant
3840,Content-relevant
3331,Content-irrelevant
3680,Content-relevant
3741,Content-irrelevant
1252,Content-relevant
2220,Content-relevant
3679,Content-relevant
2354,Content-relevant
2622,Content-relevant
2359,Content-relevant
2116,Content-relevant
587,Content-relevant
2492,Content-relevant
1644,Content-relevant
443,Content-irrelevant
1515,Content-irrelevant
1267,Content-relevant
944,Content-irrelevant
1556,Content-relevant
3594,Content-relevant
2995,Content-relevant
1146,Content-irrelevant
2353,Content-irrelevant
612,Content-irrelevant
1365,Content-irrelevant
657,Content-relevant
268,Content-relevant
2555,Content-relevant
1669,Content-irrelevant
523,Content-irrelevant
3029,Content-relevant
1826,Content-irrelevant
2807,Content-irrelevant
1805,Content-relevant
1467,Content-irrelevant
1819,Content-irrelevant
331,Content-irrelevant
2948,Content-relevant
2935,Content-relevant
878,Content-relevant
3376,Content-relevant
154,Content-relevant
3354,Content-relevant
152,Content-relevant
2375,Content-irrelevant
3011,Content-relevant
3847,Content-irrelevant
2366,Content-irrelevant
3004,Content-irrelevant
2160,Content-relevant
2569,Content-relevant
1755,Content-relevant
2738,Content-irrelevant
376,Content-relevant
3861,Content-irrelevant
3212,Content-irrelevant
879,Content-relevant
1288,Content-relevant
1040,Content-relevant
828,Content-irrelevant
103,Content-relevant
862,Content-irrelevant
1764,Content-relevant
391,Content-relevant
3937,Content-relevant
3962,Content-relevant
482,Content-relevant
277,Content-relevant
533,Content-relevant
1655,Content-irrelevant
789,Content-irrelevant
1498,Content-irrelevant
2316,Content-irrelevant
64,Content-irrelevant
2179,Content-relevant
3578,Content-irrelevant
2039,Content-relevant
1359,Content-irrelevant
3310,Content-irrelevant
3747,Content-relevant
906,Content-relevant
2516,Content-irrelevant
1346,Content-relevant
3513,Content-relevant
186,Content-irrelevant
1766,Content-relevant
810,Content-relevant
915,Content-relevant
59,Content-relevant
939,Content-irrelevant
2019,Content-relevant
338,Content-relevant
1302,Content-relevant
2004,Content-relevant
998,Content-irrelevant
1986,Content-relevant
3286,Content-relevant
1684,Content-relevant
2820,Content-irrelevant
1201,Content-relevant
2737,Content-irrelevant
2874,Content-relevant
1022,Content-irrelevant
2800,Content-relevant
3188,Content-relevant
3926,Content-relevant
3062,Content-irrelevant
556,Content-irrelevant
272,Content-relevant
1836,Content-relevant
2630,Content-relevant
3240,Content-relevant
3128,Content-relevant
3844,Content-irrelevant
3584,Content-relevant
2672,Content-irrelevant
693,Content-relevant
801,Content-irrelevant
3323,Content-irrelevant
3369,Content-relevant
849,Content-irrelevant
278,Content-relevant
4028,Content-relevant
130,Content-irrelevant
153,Content-relevant
1544,Content-irrelevant
3459,Content-irrelevant
875,Content-relevant
3273,Content-relevant
870,Content-relevant
1782,Content-irrelevant
1978,Content-irrelevant
3439,Content-relevant
2106,Content-relevant
771,Content-relevant
4000,Content-irrelevant
14,Content-relevant
183,Content-irrelevant
2977,Content-irrelevant
3182,Content-irrelevant
2330,Content-relevant
2162,Content-relevant
750,Content-irrelevant
1808,Content-relevant
909,Content-irrelevant
4009,Content-relevant
2625,Content-relevant
3909,Content-relevant
3279,Content-relevant
660,Content-irrelevant
1174,Content-irrelevant
3230,Content-relevant
3955,Content-relevant
3810,Content-irrelevant
1176,Content-irrelevant
1124,Content-irrelevant
2790,Content-irrelevant
654,Content-irrelevant
109,Content-relevant
852,Content-irrelevant
535,Content-relevant
554,Content-irrelevant
1007,Content-irrelevant
3843,Content-relevant
2108,Content-relevant
774,Content-relevant
1628,Content-irrelevant
3096,Content-irrelevant
1947,Content-irrelevant
2083,Content-relevant
1413,Content-relevant
2181,Content-irrelevant
2372,Content-relevant
1256,Content-relevant
2192,Content-relevant
768,Content-relevant
3858,Content-relevant
2384,Content-relevant
2458,Content-relevant
555,Content-relevant
2520,Content-irrelevant
140,Content-relevant
4038,Content-irrelevant
988,Content-relevant
1828,Content-relevant
3469,Content-relevant
2018,Content-relevant
3654,Content-relevant
1687,Content-irrelevant
2338,Content-irrelevant
3749,Content-irrelevant
2715,Content-irrelevant
1320,Content-irrelevant
2697,Content-irrelevant
1532,Content-relevant
212,Content-relevant
1364,Content-relevant
52,Content-relevant
2035,Content-relevant
3170,Content-relevant
1900,Content-relevant
3349,Content-relevant
2040,Content-relevant
1025,Content-relevant
2470,Content-relevant
1638,Content-relevant
1470,Content-relevant
239,Content-irrelevant
2537,Content-relevant
235,Content-relevant
3123,Content-relevant
2416,Content-irrelevant
144,Content-relevant
1420,Content-relevant
3636,Content-relevant
1279,Content-relevant
3384,Content-relevant
2015,Content-relevant
3386,Content-irrelevant
854,Content-irrelevant
4057,Content-irrelevant
3236,Content-irrelevant
647,Content-relevant
263,Content-irrelevant
2122,Content-irrelevant
2176,Content-relevant
470,Content-irrelevant
1393,Content-relevant
1258,Content-irrelevant
1909,Content-relevant
1676,Content-irrelevant
3242,Content-irrelevant
200,Content-irrelevant
3780,Content-irrelevant
560,Content-irrelevant
538,Content-relevant
627,Content-irrelevant
357,Content-irrelevant
2447,Content-relevant
2125,Content-relevant
3634,Content-irrelevant
2745,Content-irrelevant
3625,Content-relevant
3015,Content-relevant
1725,Content-relevant
3523,Content-relevant
1942,Content-relevant
1311,Content-relevant
552,Content-relevant
3365,Content-relevant
3165,Content-relevant
4046,Content-relevant
2920,Content-relevant
397,Content-irrelevant
2202,Content-irrelevant
2694,Content-relevant
385,Content-relevant
3877,Content-relevant
805,Content-relevant
1699,Content-irrelevant
2512,Content-irrelevant
1823,Content-relevant
416,Content-irrelevant
2760,Content-irrelevant
776,Content-irrelevant
1082,Content-relevant
3754,Content-relevant
2825,Content-irrelevant
2205,Content-relevant
2412,Content-relevant
2259,Content-irrelevant
2834,Content-relevant
1675,Content-irrelevant
447,Content-relevant
1916,Content-relevant
2893,Content-irrelevant
2429,Content-irrelevant
3146,Content-relevant
3882,Content-relevant
2612,Content-relevant
777,Content-relevant
3003,Content-irrelevant
2544,Content-irrelevant
1184,Content-irrelevant
2027,Content-irrelevant
3090,Content-irrelevant
3131,Content-relevant
1904,Content-irrelevant
3151,Content-relevant
3378,Content-irrelevant
1314,Content-irrelevant
834,Content-irrelevant
855,Content-irrelevant
3545,Content-irrelevant
2501,Content-relevant
3903,Content-irrelevant
2301,Content-irrelevant
2524,Content-irrelevant
3333,Content-relevant
1665,Content-relevant
3616,Content-relevant
1397,Content-relevant
1308,Content-irrelevant
1291,Content-relevant
1519,Content-relevant
711,Content-relevant
1815,Content-relevant
1744,Content-relevant
568,Content-relevant
812,Content-irrelevant
4029,Content-relevant
2473,Content-irrelevant
566,Content-relevant
1843,Content-irrelevant
682,Content-irrelevant
81,Content-relevant
959,Content-relevant
2448,Content-relevant
3528,Content-relevant
108,Content-irrelevant
886,Content-relevant
2362,Content-relevant
1871,Content-relevant
426,Content-irrelevant
2297,Content-relevant
1486,Content-irrelevant
1222,Content-relevant
1273,Content-irrelevant
3808,Content-relevant
378,Content-relevant
2987,Content-irrelevant
1445,Content-relevant
322,Content-irrelevant
2500,Content-irrelevant
1234,Content-irrelevant
2435,Content-relevant
3520,Content-irrelevant
2832,Content-relevant
1366,Content-irrelevant
717,Content-relevant
1957,Content-irrelevant
113,Content-relevant
32,Content-irrelevant
1482,Content-relevant
629,Content-irrelevant
3189,Content-irrelevant
163,Content-irrelevant
2459,Content-relevant
1531,Content-relevant
1344,Content-irrelevant
1634,Content-relevant
406,Content-irrelevant
1081,Content-relevant
1068,Content-irrelevant
2644,Content-irrelevant
3895,Content-irrelevant
712,Content-irrelevant
2801,Content-irrelevant
3622,Content-relevant
2056,Content-irrelevant
3992,Content-relevant
469,Content-irrelevant
929,Content-irrelevant
319,Content-irrelevant
2705,Content-relevant
1605,Content-irrelevant
196,Content-relevant
1918,Content-relevant
3751,Content-relevant
2131,Content-relevant
957,Content-irrelevant
1809,Content-irrelevant
1798,Content-relevant
2632,Content-relevant
818,Content-relevant
3682,Content-relevant
3024,Content-irrelevant
3710,Content-irrelevant
3171,Content-relevant
2454,Content-relevant
188,Content-irrelevant
982,Content-irrelevant
2532,Content-relevant
3238,Content-irrelevant
3678,Content-irrelevant
1948,Content-irrelevant
2060,Content-relevant
3981,Content-irrelevant
3205,Content-irrelevant
1879,Content-irrelevant
960,Content-relevant
1990,Content-irrelevant
2402,Content-irrelevant
3398,Content-irrelevant
900,Content-relevant
3315,Content-relevant
2558,Content-relevant
3105,Content-relevant
56,Content-relevant
77,Content-irrelevant
710,Content-irrelevant
3173,Content-relevant
1047,Content-irrelevant
3586,Content-relevant
1740,Content-irrelevant
2051,Content-irrelevant
2230,Content-relevant
3411,Content-irrelevant
3361,Content-relevant
2489,Content-relevant
1594,Content-relevant
984,Content-relevant
4021,Content-relevant
3352,Content-irrelevant
3950,Content-irrelevant
2691,Content-relevant
1304,Content-irrelevant
2891,Content-irrelevant
3531,Content-relevant
3958,Content-irrelevant
3772,Content-irrelevant
3553,Content-irrelevant
4043,Content-irrelevant
1200,Content-relevant
472,Content-irrelevant
722,Content-relevant
3932,Content-relevant
2997,Content-relevant
2036,Content-irrelevant
707,Content-relevant
1117,Content-relevant
2475,Content-irrelevant
2933,Content-irrelevant
3942,Content-irrelevant
1560,Content-irrelevant
2158,Content-relevant
4039,Content-irrelevant
359,Content-relevant
146,Content-irrelevant
557,Content-irrelevant
1326,Content-irrelevant
3595,Content-relevant
2974,Content-irrelevant
2725,Content-irrelevant
2538,Content-relevant
1356,Content-irrelevant
1059,Content-irrelevant
986,Content-relevant
2151,Content-irrelevant
3157,Content-irrelevant
2650,Content-irrelevant
311,Content-relevant
2631,Content-irrelevant
18,Content-relevant
2565,Content-relevant
4036,Content-irrelevant
3588,Content-irrelevant
975,Content-relevant
94,Content-irrelevant
1487,Content-relevant
3697,Content-relevant
3943,Content-relevant
110,Content-relevant
2413,Content-relevant
1722,Content-irrelevant
583,Content-irrelevant
1569,Content-irrelevant
3793,Content-relevant
128,Content-irrelevant
2352,Content-irrelevant
1612,Content-irrelevant
1862,Content-relevant
192,Content-irrelevant
1882,Content-irrelevant
3329,Content-irrelevant
3738,Content-irrelevant
3825,Content-irrelevant
1971,Content-irrelevant
3083,Content-irrelevant
1275,Content-irrelevant
287,Content-irrelevant
4047,Content-irrelevant
1086,Content-relevant
2217,Content-irrelevant
66,Content-irrelevant
93,Content-irrelevant
3563,Content-irrelevant
2813,Content-irrelevant
3794,Content-irrelevant
3494,Content-relevant
2886,Content-relevant
2033,Content-relevant
2233,Content-relevant
2575,Content-irrelevant
905,Content-irrelevant
1761,Content-relevant
1422,Content-irrelevant
2363,Content-relevant
3763,Content-irrelevant
1072,Content-irrelevant
3490,Content-relevant
2269,Content-relevant
525,Content-relevant
979,Content-irrelevant
3893,Content-irrelevant
3965,Content-irrelevant
2404,Content-relevant
247,Content-relevant
1278,Content-relevant
2365,Content-relevant
2406,Content-irrelevant
2325,Content-relevant
135,Content-relevant
646,Content-irrelevant
1529,Content-irrelevant
564,Content-irrelevant
1260,Content-relevant
1158,Content-relevant
1658,Content-irrelevant
3610,Content-irrelevant
1039,Content-relevant
2759,Content-irrelevant
189,Content-relevant
3162,Content-irrelevant
92,Content-irrelevant
2218,Content-irrelevant
858,Content-relevant
2985,Content-relevant
1109,Content-irrelevant
1287,Content-relevant
2288,Content-relevant
1452,Content-irrelevant
3039,Content-relevant
4075,Content-relevant
3285,Content-relevant
48,Content-irrelevant
4044,Content-relevant
1924,Content-irrelevant
885,Content-irrelevant
713,Content-irrelevant
2591,Content-irrelevant
1589,Content-irrelevant
377,Content-relevant
2394,Content-irrelevant
779,Content-relevant
728,Content-relevant
2918,Content-relevant
1961,Content-relevant
1187,Content-relevant
3161,Content-irrelevant
894,Content-relevant
565,Content-relevant
437,Content-irrelevant
1419,Content-irrelevant
3838,Content-relevant
3774,Content-relevant
127,Content-relevant
2739,Content-irrelevant
3186,Content-relevant
1197,Content-irrelevant
1970,Content-relevant
757,Content-irrelevant
914,Content-irrelevant
2314,Content-relevant
2904,Content-irrelevant
241,Content-relevant
761,Content-irrelevant
3235,Content-relevant
2088,Content-irrelevant
3667,Content-irrelevant
2614,Content-relevant
614,Content-irrelevant
2873,Content-relevant
3879,Content-irrelevant
3013,Content-relevant
2626,Content-relevant
3841,Content-irrelevant
955,Content-irrelevant
2878,Content-irrelevant
2600,Content-irrelevant
3114,Content-relevant
1931,Content-relevant
903,Content-irrelevant
1625,Content-irrelevant
2203,Content-relevant
1388,Content-irrelevant
2407,Content-irrelevant
375,Content-relevant
1980,Content-relevant
2923,Content-relevant
3709,Content-irrelevant
1017,Content-irrelevant
1387,Content-irrelevant
3596,Content-relevant
3951,Content-irrelevant
116,Content-relevant
2243,Content-relevant
1173,Content-irrelevant
1076,Content-relevant
3602,Content-relevant
2639,Content-relevant
3711,Content-irrelevant
2979,Content-relevant
3451,Content-irrelevant
1297,Content-relevant
3639,Content-relevant
3886,Content-irrelevant
2024,Content-relevant
1595,Content-relevant
1085,Content-irrelevant
2604,Content-irrelevant
2071,Content-relevant
692,Content-irrelevant
3869,Content-relevant
3438,Content-relevant
3051,Content-relevant
1667,Content-irrelevant
1720,Content-relevant
1588,Content-relevant
201,Content-relevant
2306,Content-irrelevant
897,Content-irrelevant
1331,Content-relevant
2627,Content-relevant
3104,Content-irrelevant
1861,Content-relevant
726,Content-relevant
4033,Content-relevant
2133,Content-irrelevant
2398,Content-relevant
3597,Content-irrelevant
2161,Content-irrelevant
233,Content-relevant
199,Content-irrelevant
1223,Content-relevant
3519,Content-relevant
1376,Content-irrelevant
1410,Content-irrelevant
2901,Content-relevant
824,Content-relevant
3889,Content-relevant
2336,Content-relevant
1546,Content-irrelevant
1,Content-relevant
3558,Content-relevant
2545,Content-irrelevant
1263,Content-relevant
3856,Content-relevant
520,Content-relevant
3023,Content-relevant
351,Content-relevant
3599,Content-relevant
1771,Content-relevant
1795,Content-relevant
2623,Content-irrelevant
434,Content-relevant
412,Content-relevant
3759,Content-relevant
363,Content-relevant
126,Content-irrelevant
3446,Content-relevant
2390,Content-irrelevant
2452,Content-relevant
409,Content-irrelevant
2521,Content-irrelevant
3250,Content-relevant
1203,Content-relevant
3822,Content-relevant
1063,Content-relevant
3385,Content-irrelevant
609,Content-relevant
2845,Content-relevant
904,Content-relevant
3906,Content-irrelevant
907,Content-irrelevant
912,Content-relevant
1702,Content-relevant
408,Content-relevant
3944,Content-irrelevant
2029,Content-relevant
1816,Content-relevant
1749,Content-irrelevant
3410,Content-relevant
3299,Content-irrelevant
1440,Content-relevant
22,Content-relevant
3322,Content-relevant
1802,Content-relevant
444,Content-irrelevant
159,Content-relevant
2664,Content-relevant
2978,Content-relevant
3727,Content-relevant
489,Content-relevant
1793,Content-relevant
1648,Content-irrelevant
1868,Content-irrelevant
3309,Content-irrelevant
3338,Content-relevant
1137,Content-relevant
4026,Content-relevant
3499,Content-irrelevant
430,Content-relevant
2270,Content-irrelevant
244,Content-irrelevant
3971,Content-relevant
2135,Content-relevant
1024,Content-relevant
420,Content-irrelevant
734,Content-irrelevant
3408,Content-irrelevant
1229,Content-relevant
96,Content-irrelevant
2871,Content-irrelevant
2940,Content-irrelevant
1439,Content-relevant
2634,Content-irrelevant
2864,Content-irrelevant
3340,Content-irrelevant
1095,Content-relevant
2171,Content-irrelevant
2414,Content-relevant
2955,Content-irrelevant
1674,Content-irrelevant
2762,Content-relevant
865,Content-relevant
232,Content-irrelevant
1874,Content-relevant
194,Content-relevant
820,Content-relevant
2248,Content-relevant
3486,Content-relevant
1247,Content-irrelevant
1459,Content-irrelevant
3696,Content-relevant
1138,Content-relevant
1697,Content-relevant
74,Content-relevant
987,Content-irrelevant
548,Content-irrelevant
2193,Content-relevant
782,Content-relevant
871,Content-relevant
2392,Content-irrelevant
2772,Content-relevant
2177,Content-irrelevant
292,Content-relevant
3424,Content-irrelevant
3343,Content-irrelevant
3130,Content-relevant
3791,Content-relevant
3360,Content-irrelevant
21,Content-relevant
1099,Content-relevant
101,Content-relevant
3042,Content-relevant
3468,Content-irrelevant
1290,Content-irrelevant
532,Content-relevant
2207,Content-irrelevant
2120,Content-relevant
2588,Content-relevant
628,Content-irrelevant
46,Content-irrelevant
2643,Content-relevant
3732,Content-relevant
2092,Content-relevant
3604,Content-relevant
2025,Content-irrelevant
1834,Content-relevant
1060,Content-relevant
2111,Content-relevant
2676,Content-irrelevant
2701,Content-irrelevant
2868,Content-relevant
2195,Content-relevant
2268,Content-irrelevant
1495,Content-relevant
850,Content-irrelevant
2633,Content-irrelevant
949,Content-relevant
1010,Content-irrelevant
4017,Content-relevant
840,Content-relevant
2658,Content-irrelevant
3835,Content-irrelevant
3957,Content-relevant
2562,Content-relevant
1841,Content-irrelevant
3334,Content-relevant
1960,Content-irrelevant
174,Content-irrelevant
3492,Content-relevant
962,Content-relevant
1865,Content-relevant
2455,Content-relevant
2276,Content-irrelevant
3472,Content-irrelevant
1246,Content-irrelevant
4059,Content-relevant
2436,Content-irrelevant
411,Content-irrelevant
3573,Content-irrelevant
2721,Content-relevant
388,Content-irrelevant
1009,Content-irrelevant
2965,Content-irrelevant
2726,Content-irrelevant
1724,Content-relevant
3782,Content-irrelevant
3569,Content-irrelevant
977,Content-relevant
2735,Content-irrelevant
3922,Content-irrelevant
2191,Content-relevant
3461,Content-irrelevant
1902,Content-irrelevant
1690,Content-irrelevant
2593,Content-relevant
3319,Content-irrelevant
4062,Content-relevant
1568,Content-irrelevant
884,Content-relevant
2686,Content-irrelevant
3624,Content-relevant
3367,Content-irrelevant
1938,Content-relevant
290,Content-relevant
2067,Content-relevant
1847,Content-relevant
917,Content-relevant
784,Content-relevant
1731,Content-relevant
3714,Content-relevant
1122,Content-relevant
2303,Content-relevant
2802,Content-relevant
288,Content-relevant
3040,Content-relevant
3393,Content-irrelevant
3158,Content-irrelevant
2479,Content-irrelevant
1102,Content-irrelevant
965,Content-relevant
3917,Content-irrelevant
1113,Content-relevant
604,Content-relevant
3823,Content-irrelevant
1743,Content-irrelevant
1946,Content-irrelevant
1801,Content-relevant
4022,Content-relevant
580,Content-relevant
3075,Content-irrelevant
3294,Content-irrelevant
1735,Content-irrelevant
1521,Content-irrelevant
3318,Content-relevant
831,Content-irrelevant
383,Content-relevant
2843,Content-irrelevant
3203,Content-irrelevant
3264,Content-irrelevant
2597,Content-irrelevant
2010,Content-irrelevant
2998,Content-irrelevant
31,Content-irrelevant
343,Content-irrelevant
1411,Content-relevant
1967,Content-relevant
3307,Content-irrelevant
3415,Content-relevant
3728,Content-relevant
3849,Content-irrelevant
3716,Content-irrelevant
3647,Content-relevant
4068,Content-relevant
2484,Content-irrelevant
2885,Content-relevant
1705,Content-irrelevant
699,Content-relevant
2509,Content-relevant
2713,Content-relevant
838,Content-irrelevant
1747,Content-relevant
1321,Content-irrelevant
956,Content-relevant
3059,Content-irrelevant
3312,Content-irrelevant
350,Content-relevant
799,Content-irrelevant
1080,Content-relevant
617,Content-relevant
1762,Content-irrelevant
3181,Content-irrelevant
1170,Content-irrelevant
1738,Content-irrelevant
3845,Content-relevant
3786,Content-relevant
298,Content-relevant
326,Content-relevant
3020,Content-irrelevant
3721,Content-irrelevant
3239,Content-relevant
1089,Content-relevant
3234,Content-relevant
3969,Content-relevant
19,Content-relevant
26,Content-irrelevant
3646,Content-irrelevant
2213,Content-relevant
3673,Content-irrelevant
274,Content-irrelevant
2272,Content-irrelevant
616,Content-relevant
3430,Content-irrelevant
2457,Content-relevant
1501,Content-relevant
3184,Content-relevant
398,Content-irrelevant
2576,Content-irrelevant
41,Content-relevant
2829,Content-relevant
9,Content-relevant
2530,Content-relevant
1857,Content-irrelevant
2912,Content-relevant
3811,Content-relevant
1280,Content-irrelevant
3263,Content-irrelevant
1646,Content-irrelevant
3576,Content-irrelevant
67,Content-relevant
4048,Content-irrelevant
2766,Content-relevant
2510,Content-relevant
2149,Content-irrelevant
598,Content-relevant
1876,Content-irrelevant
439,Content-irrelevant
2258,Content-irrelevant
324,Content-relevant
1730,Content-irrelevant
3353,Content-relevant
3124,Content-irrelevant
672,Content-irrelevant
833,Content-relevant
2335,Content-irrelevant
2528,Content-irrelevant
3246,Content-irrelevant
2707,Content-relevant
3458,Content-relevant
282,Content-irrelevant
521,Content-relevant
1305,Content-relevant
780,Content-irrelevant
937,Content-irrelevant
2754,Content-irrelevant
2307,Content-irrelevant
3268,Content-relevant
449,Content-relevant
2931,Content-relevant
317,Content-irrelevant
44,Content-irrelevant
3700,Content-relevant
1409,Content-relevant
3382,Content-relevant
2119,Content-irrelevant
1715,Content-relevant
3047,Content-relevant
3826,Content-relevant
210,Content-irrelevant
418,Content-irrelevant
2198,Content-relevant
475,Content-irrelevant
1335,Content-irrelevant
1429,Content-irrelevant
3867,Content-irrelevant
2844,Content-relevant
2219,Content-irrelevant
2828,Content-irrelevant
98,Content-irrelevant
3136,Content-irrelevant
250,Content-relevant
238,Content-irrelevant
3473,Content-irrelevant
1259,Content-relevant
3466,Content-irrelevant
1968,Content-irrelevant
399,Content-irrelevant
1650,Content-irrelevant
2178,Content-irrelevant
896,Content-relevant
3190,Content-relevant
2585,Content-irrelevant
1825,Content-relevant
503,Content-irrelevant
2552,Content-relevant
3538,Content-irrelevant
694,Content-relevant
2907,Content-relevant
3540,Content-relevant
157,Content-relevant
3215,Content-relevant
1382,Content-irrelevant
448,Content-irrelevant
2598,Content-irrelevant
2232,Content-irrelevant
980,Content-irrelevant
1053,Content-relevant
3241,Content-irrelevant
3887,Content-irrelevant
1245,Content-relevant
3991,Content-irrelevant
1152,Content-relevant
1706,Content-relevant
1251,Content-relevant
3421,Content-relevant
3537,Content-relevant
1608,Content-relevant
4078,Content-irrelevant
1920,Content-relevant
3498,Content-irrelevant
2432,Content-relevant
4053,Content-relevant
3314,Content-irrelevant
3150,Content-relevant
270,Content-irrelevant
2399,Content-relevant
764,Content-relevant
305,Content-irrelevant
1776,Content-relevant
3581,Content-irrelevant
2744,Content-irrelevant
1034,Content-relevant
2961,Content-relevant
2986,Content-irrelevant
2504,Content-relevant
869,Content-irrelevant
1497,Content-relevant
1875,Content-irrelevant
171,Content-relevant
2687,Content-relevant
742,Content-relevant
2199,Content-irrelevant
1607,Content-relevant
291,Content-relevant
2227,Content-relevant
369,Content-relevant
2962,Content-relevant
1058,Content-irrelevant
2803,Content-irrelevant
3118,Content-irrelevant
2789,Content-irrelevant
1627,Content-relevant
2147,Content-relevant
1895,Content-irrelevant
2115,Content-irrelevant
25,Content-relevant
845,Content-irrelevant
2112,Content-relevant
1581,Content-irrelevant
2383,Content-relevant
3934,Content-irrelevant
3267,Content-relevant
1367,Content-relevant
2474,Content-relevant
2865,Content-irrelevant
3168,Content-relevant
1325,Content-relevant
1402,Content-relevant
927,Content-relevant
2656,Content-relevant
1696,Content-relevant
1430,Content-relevant
2852,Content-relevant
3010,Content-relevant
1873,Content-relevant
1707,Content-relevant
1770,Content-irrelevant
3201,Content-irrelevant
1207,Content-relevant
743,Content-relevant
839,Content-irrelevant
999,Content-relevant
3798,Content-relevant
2785,Content-relevant
2608,Content-irrelevant
546,Content-relevant
2602,Content-relevant
1188,Content-relevant
1339,Content-relevant
3320,Content-relevant
948,Content-irrelevant
1564,Content-relevant
4071,Content-irrelevant
3842,Content-relevant
423,Content-irrelevant
1590,Content-relevant
1516,Content-relevant
395,Content-relevant
1150,Content-relevant
2043,Content-relevant
2145,Content-relevant
1959,Content-relevant
3769,Content-relevant
3049,Content-relevant
2556,Content-irrelevant
243,Content-irrelevant
2635,Content-relevant
974,Content-relevant
3132,Content-irrelevant
3437,Content-relevant
1380,Content-relevant
3543,Content-relevant
625,Content-relevant
2859,Content-relevant
1294,Content-relevant
1562,Content-irrelevant
3820,Content-irrelevant
218,Content-irrelevant
1328,Content-irrelevant
3244,Content-relevant
1355,Content-relevant
2146,Content-irrelevant
3860,Content-relevant
2117,Content-irrelevant
36,Content-irrelevant
3979,Content-irrelevant
3298,Content-relevant
1941,Content-relevant
1427,Content-relevant
2280,Content-irrelevant
1447,Content-relevant
1753,Content-relevant
54,Content-relevant
2329,Content-relevant
2607,Content-relevant
1604,Content-relevant
3684,Content-relevant
1750,Content-irrelevant
2592,Content-relevant
3209,Content-relevant
3674,Content-relevant
958,Content-relevant
2424,Content-relevant
1348,Content-irrelevant
947,Content-irrelevant
1572,Content-irrelevant
156,Content-relevant
1241,Content-irrelevant
4072,Content-relevant
1192,Content-relevant
3873,Content-relevant
3122,Content-relevant
2153,Content-relevant
1312,Content-irrelevant
635,Content-relevant
1881,Content-relevant
132,Content-irrelevant
3712,Content-relevant
1354,Content-relevant
2934,Content-relevant
1821,Content-irrelevant
NA,NA
NA,NA
3997,Content-relevant
2263,Content-relevant
1191,Content-relevant
3664,Content-irrelevant
652,Content-relevant
901,Content-relevant
1389,Content-relevant
890,Content-relevant
3652,Content-relevant
1973,Content-relevant
2069,Content-relevant
1840,Content-relevant
1573,Content-relevant
1029,Content-relevant
866,Content-relevant
1349,Content-relevant
3374,Content-irrelevant
362,Content-relevant
1917,Content-relevant
3720,Content-relevant
1407,Content-relevant
1577,Content-irrelevant
2981,Content-relevant
115,Content-relevant
3788,Content-relevant
2319,Content-irrelevant
2668,Content-relevant
992,Content-irrelevant
507,Content-relevant
1539,Content-relevant
2982,Content-relevant
2680,Content-relevant
2002,Content-relevant
752,Content-relevant
3077,Content-relevant
2252,Content-relevant
2461,Content-relevant
3846,Content-relevant
718,Content-relevant
223,Content-relevant
3000,Content-relevant
3565,Content-irrelevant
3785,Content-relevant
1571,Content-relevant
1780,Content-relevant
353,Content-irrelevant
1969,Content-relevant
2408,Content-relevant
3370,Content-relevant
2838,Content-relevant
2104,Content-relevant
3226,Content-relevant
1490,Content-relevant
642,Content-relevant
112,Content-relevant
2704,Content-relevant
2689,Content-irrelevant
2096,Content-relevant
1757,Content-irrelevant
2822,Content-irrelevant
3718,Content-irrelevant
2003,Content-relevant
2898,Content-relevant
3995,Content-relevant
1395,Content-relevant
2788,Content-relevant
387,Content-relevant
473,Content-relevant
2996,Content-relevant
3092,Content-relevant
607,Content-irrelevant
97,Content-relevant
683,Content-relevant
2863,Content-relevant
3630,Content-relevant
3419,Content-relevant
2175,Content-relevant
1204,Content-relevant
2023,Content-relevant
867,Content-relevant
2685,Content-relevant
1272,Content-relevant
3479,Content-relevant
181,Content-irrelevant
492,Content-relevant
3571,Content-relevant
1026,Content-irrelevant
1289,Content-relevant
3620,Content-irrelevant
2547,Content-irrelevant
1008,Content-irrelevant
2880,Content-irrelevant
2908,Content-irrelevant
3463,Content-relevant
3807,Content-irrelevant
3351,Content-relevant
3436,Content-relevant
3574,Content-relevant
1797,Content-relevant
2971,Content-relevant
3224,Content-relevant
3380,Content-relevant
2350,Content-relevant
2389,Content-irrelevant
515,Content-irrelevant
1386,Content-relevant
3129,Content-irrelevant
1083,Content-irrelevant
3163,Content-relevant
1106,Content-relevant
3372,Content-relevant
508,Content-relevant
1663,Content-relevant
1316,Content-irrelevant
4014,Content-relevant
1790,Content-irrelevant
133,Content-relevant
365,Content-relevant
468,Content-relevant
781,Content-irrelevant
3067,Content-relevant
691,Content-relevant
2833,Content-relevant
626,Content-relevant
1449,Content-relevant
3941,Content-relevant
488,Content-relevant
3483,Content-relevant
1849,Content-relevant
2428,Content-irrelevant
3065,Content-irrelevant
1198,Content-relevant
2267,Content-irrelevant
75,Content-irrelevant
1178,Content-irrelevant
2437,Content-relevant
3377,Content-relevant
429,Content-irrelevant
1206,Content-irrelevant
3554,Content-relevant
1399,Content-relevant
3605,Content-relevant
269,Content-relevant
1591,Content-relevant
3495,Content-relevant
1097,Content-relevant
1406,Content-relevant
895,Content-irrelevant
4041,Content-relevant
1860,Content-relevant
655,Content-relevant
2367,Content-irrelevant
1912,Content-relevant
3426,Content-relevant
500,Content-irrelevant
461,Content-irrelevant
1602,Content-irrelevant
2708,Content-relevant
817,Content-irrelevant
2550,Content-relevant
3048,Content-relevant
514,Content-relevant
3107,Content-relevant
4003,Content-relevant
1614,Content-relevant
1673,Content-relevant
3803,Content-relevant
2937,Content-irrelevant
167,Content-irrelevant
709,Content-relevant
882,Content-relevant
2346,Content-relevant
2539,Content-relevant
69,Content-relevant
3552,Content-relevant
2197,Content-relevant
2282,Content-relevant
806,Content-relevant
1183,Content-relevant
2767,Content-relevant
1227,Content-irrelevant
681,Content-relevant
2210,Content-irrelevant
3033,Content-irrelevant
1653,Content-relevant
1357,Content-irrelevant
1548,Content-relevant
1783,Content-relevant
164,Content-irrelevant
1211,Content-irrelevant
1983,Content-irrelevant
3423,Content-relevant
3256,Content-relevant
117,Content-relevant
3812,Content-irrelevant
2692,Content-relevant
971,Content-irrelevant
3527,Content-relevant
2101,Content-relevant
1649,Content-irrelevant
1480,Content-irrelevant
3180,Content-irrelevant
1988,Content-relevant
276,Content-relevant
228,Content-relevant
2238,Content-relevant
2309,Content-relevant
3916,Content-irrelevant
2239,Content-relevant
3542,Content-relevant
1632,Content-relevant
661,Content-irrelevant
1375,Content-relevant
2493,Content-irrelevant
662,Content-relevant
1415,Content-irrelevant
184,Content-irrelevant
823,Content-relevant
2499,Content-relevant
3175,Content-relevant
2256,Content-relevant
3094,Content-irrelevant
868,Content-relevant
576,Content-relevant
3060,Content-relevant
3677,Content-relevant
2290,Content-irrelevant
2753,Content-irrelevant
922,Content-relevant
679,Content-irrelevant
3703,Content-irrelevant
1104,Content-irrelevant
3145,Content-irrelevant
1893,Content-relevant
2999,Content-relevant
2992,Content-irrelevant
1154,Content-irrelevant
2796,Content-irrelevant
1928,Content-relevant
2877,Content-relevant
2128,Content-relevant
644,Content-relevant
670,Content-relevant
3559,Content-irrelevant
3394,Content-relevant
1701,Content-irrelevant
3476,Content-relevant
481,Content-irrelevant
1974,Content-irrelevant
49,Content-irrelevant
622,Content-irrelevant
474,Content-irrelevant
4023,Content-relevant
2465,Content-relevant
1741,Content-irrelevant
3174,Content-irrelevant
2076,Content-relevant
2094,Content-irrelevant
3487,Content-relevant
2730,Content-relevant
1999,Content-relevant
3731,Content-relevant
3818,Content-relevant
2615,Content-irrelevant
689,Content-relevant
1540,Content-relevant
1116,Content-relevant
3702,Content-irrelevant
1285,Content-relevant
1613,Content-irrelevant
516,Content-relevant
3152,Content-irrelevant
3276,Content-relevant
3332,Content-relevant
1126,Content-relevant
2020,Content-relevant
1800,Content-relevant
315,Content-irrelevant
613,Content-irrelevant
2246,Content-relevant
3381,Content-irrelevant
1831,Content-relevant
1238,Content-relevant
2566,Content-irrelevant
3462,Content-relevant
2421,Content-irrelevant
2973,Content-relevant
1396,Content-irrelevant
2000,Content-relevant
1179,Content-irrelevant
902,Content-relevant
3536,Content-relevant
4040,Content-relevant
2646,Content-relevant
2127,Content-relevant
3601,Content-irrelevant
2953,Content-relevant
3164,Content-relevant
2824,Content-relevant
3564,Content-irrelevant
33,Content-relevant
981,Content-relevant
1027,Content-irrelevant
2107,Content-relevant
1778,Content-irrelevant
2332,Content-irrelevant
1361,Content-relevant
1329,Content-relevant
3178,Content-relevant
3071,Content-relevant
1527,Content-relevant
2976,Content-irrelevant
3137,Content-irrelevant
236,Content-irrelevant
209,Content-irrelevant
3397,Content-relevant
759,Content-relevant
1050,Content-irrelevant
3761,Content-relevant
1044,Content-irrelevant
1867,Content-relevant
3197,Content-relevant
4013,Content-irrelevant
1528,Content-relevant
1536,Content-relevant
1727,Content-irrelevant
2304,Content-relevant
2799,Content-irrelevant
4004,Content-irrelevant
1601,Content-irrelevant
3814,Content-irrelevant
2549,Content-relevant
3284,Content-irrelevant
3192,Content-relevant
1672,Content-irrelevant
3233,Content-relevant
1981,Content-irrelevant
262,Content-relevant
3406,Content-relevant
1446,Content-relevant
3480,Content-relevant
2677,Content-irrelevant
3915,Content-relevant
813,Content-irrelevant
3348,Content-relevant
1732,Content-irrelevant
3878,Content-irrelevant
2950,Content-relevant
3359,Content-irrelevant
2032,Content-relevant
1070,Content-relevant
1140,Content-irrelevant
2645,Content-irrelevant
2140,Content-relevant
3706,Content-irrelevant
3689,Content-relevant
3,Content-relevant
3221,Content-irrelevant
453,Content-relevant
1284,Content-relevant
1756,Content-relevant
2966,Content-irrelevant
2045,Content-relevant
3884,Content-irrelevant
1327,Content-irrelevant
3295,Content-relevant
634,Content-relevant
1526,Content-irrelevant
1907,Content-relevant
1717,Content-irrelevant
3063,Content-relevant
2356,Content-relevant
2445,Content-relevant
1991,Content-relevant
1456,Content-relevant
2751,Content-relevant
297,Content-irrelevant
214,Content-relevant
11,Content-irrelevant
2884,Content-irrelevant
459,Content-relevant
610,Content-irrelevant
1425,Content-relevant
40,Content-relevant
1322,Content-relevant
1883,Content-irrelevant
231,Content-irrelevant
3717,Content-relevant
708,Content-irrelevant
3521,Content-relevant
1384,Content-relevant
1932,Content-irrelevant
281,Content-relevant
1921,Content-irrelevant
3839,Content-relevant
946,Content-irrelevant
935,Content-irrelevant
355,Content-irrelevant
512,Content-relevant
296,Content-irrelevant
2991,Content-irrelevant
3617,Content-relevant
3866,Content-irrelevant
1583,Content-irrelevant
656,Content-irrelevant
2373,Content-irrelevant
704,Content-irrelevant
3195,Content-relevant
1166,Content-irrelevant
2787,Content-relevant
1428,Content-relevant
2409,Content-irrelevant
10,Content-relevant
1853,Content-irrelevant
90,Content-relevant
3291,Content-irrelevant
3117,Content-irrelevant
424,Content-relevant
1574,Content-irrelevant
1054,Content-irrelevant
380,Content-relevant
1065,Content-relevant
3371,Content-irrelevant
528,Content-irrelevant
1512,Content-relevant
3477,Content-irrelevant
1877,Content-relevant
3864,Content-irrelevant
2007,Content-relevant
3044,Content-relevant
267,Content-relevant
3671,Content-relevant
1153,Content-relevant
179,Content-relevant
2812,Content-irrelevant
1679,Content-relevant
3580,Content-relevant
1377,Content-relevant
1803,Content-irrelevant
826,Content-irrelevant
266,Content-relevant
172,Content-irrelevant
3880,Content-irrelevant
3030,Content-relevant
511,Content-relevant
3400,Content-relevant
2044,Content-irrelevant
620,Content-relevant
1125,Content-irrelevant
2077,Content-irrelevant
400,Content-relevant
1127,Content-relevant
841,Content-irrelevant
3202,Content-relevant
5,Content-relevant
2746,Content-relevant
2761,Content-irrelevant
3683,Content-irrelevant
254,Content-relevant
2439,Content-relevant
1265,Content-relevant
861,Content-relevant
3797,Content-relevant
1792,Content-irrelevant
2970,Content-irrelevant
3179,Content-relevant
3109,Content-irrelevant
2328,Content-relevant
2014,Content-irrelevant
1212,Content-irrelevant
2093,Content-relevant
3311,Content-irrelevant
758,Content-relevant
983,Content-relevant
3745,Content-irrelevant
2876,Content-irrelevant
559,Content-irrelevant
3985,Content-relevant
772,Content-relevant
4060,Content-relevant
389,Content-irrelevant
2433,Content-irrelevant
2041,Content-irrelevant
1157,Content-relevant
2571,Content-irrelevant
1035,Content-relevant
1167,Content-irrelevant
1827,Content-relevant
924,Content-relevant
3148,Content-relevant
3740,Content-irrelevant
2620,Content-relevant
517,Content-relevant
569,Content-irrelevant
3207,Content-relevant
3416,Content-irrelevant
3449,Content-irrelevant
3516,Content-irrelevant
1600,Content-relevant
3863,Content-irrelevant
1623,Content-relevant
